Date,Open,High,Low,Close,Volume,Symbol
2024-05-08,60.6300,60.8450,60.2200,60.3000,11015695,WMT
2024-05-09,60.2000,60.5799,59.9500,60.4400,14550463,WMT
2024-05-10,60.4100,60.5800,60.1600,60.4800,12356612,WMT
2024-05-13,60.6200,61.3450,60.2900,60.4100,19260522,WMT
2024-05-14,60.5200,60.5500,59.4350,59.8600,18780139,WMT
2024-05-15,59.8300,59.9400,59.4700,59.8300,22240558,WMT
2024-05-16,64.2200,64.4150,62.9400,64.0100,60545613,WMT
2024-05-17,64.2400,64.8800,63.6300,64.6500,29330381,WMT
2024-05-20,64.4200,64.7600,63.8700,64.1800,15001391,WMT
2024-05-21,64.5300,65.1900,64.4500,65.1500,17131691,WMT
2024-05-22,64.9800,65.6900,64.7300,65.2500,14879434,WMT
2024-05-23,65.1700,65.5150,64.5600,64.8400,16222946,WMT
2024-05-24,65.1300,65.6900,65.0100,65.3800,11795024,WMT
2024-05-28,65.2200,65.4700,64.7400,65.0400,13349619,WMT
2024-05-29,64.7500,65.2100,64.6500,64.9200,11538552,WMT
2024-05-30,64.9300,65.1711,64.7700,64.8900,13053481,WMT
2024-05-31,64.6700,65.9000,64.1600,65.7600,27632223,WMT
2024-06-03,65.5100,65.8400,65.1603,65.8200,11578709,WMT
2024-06-04,65.9900,66.6350,65.8350,66.6000,14780755,WMT
2024-06-05,66.5700,67.1500,66.2800,67.0900,14982667,WMT
2024-06-06,67.0600,67.4400,66.7700,67.1500,13256005,WMT
2024-06-07,67.4000,67.5650,65.6350,65.8800,20213211,WMT
2024-06-10,67.1900,67.3300,66.2700,66.9600,21667416,WMT
2024-06-11,66.9500,66.9600,66.3500,66.7300,13367514,WMT
2024-06-12,66.8500,66.9400,65.8980,66.3100,11704704,WMT
2024-06-13,66.3000,66.7600,65.9491,66.7000,11196603,WMT
2024-06-14,66.5400,67.1100,66.3000,67.0200,12590146,WMT
2024-06-17,66.9200,67.4400,66.4125,67.4200,12103044,WMT
2024-06-18,67.6300,67.8700,67.2950,67.6000,12093549,WMT
2024-06-20,67.3500,68.1300,67.3000,68.0100,13860763,WMT
2024-06-21,68.2600,68.5500,67.8300,67.9100,25891526,WMT
2024-06-24,68.0500,69.0400,67.9000,68.9000,12470448,WMT
2024-06-25,67.1700,67.5900,66.5500,67.4200,20904039,WMT
2024-06-26,67.4000,68.5999,67.2100,68.2900,14177522,WMT
2024-06-27,68.2900,68.5800,67.6650,67.8800,12899186,WMT
2024-06-28,67.8700,68.0981,67.3200,67.7100,18816720,WMT
2024-07-01,67.8900,68.2400,67.2500,67.4800,8666021,WMT
2024-07-02,67.4400,68.0850,67.2600,68.0700,9436487,WMT
2024-07-03,67.8100,68.2500,67.6200,68.2400,6287545,WMT
2024-07-05,68.1600,70.1500,68.1000,70.0400,21586100,WMT
2024-07-08,69.9000,70.1400,69.3500,69.6800,12077679,WMT
2024-07-09,69.9000,70.2500,69.6700,69.9000,9781831,WMT
2024-07-10,70.1000,70.4400,69.7200,70.4100,10803405,WMT
2024-07-11,70.1800,70.4500,69.2600,69.8000,15624796,WMT
2024-07-12,69.9000,70.0299,69.1700,69.2400,12145317,WMT
2024-07-15,69.3000,69.9750,69.3000,69.6100,10171137,WMT
2024-07-16,69.8200,70.2400,69.5800,69.9900,9836824,WMT
2024-07-17,70.1800,71.1000,69.9500,71.0300,13533791,WMT
2024-07-18,70.6800,71.1900,70.4300,70.8200,10682742,WMT
2024-07-19,71.2000,71.3300,70.6500,70.7500,11665526,WMT
2024-07-22,70.8600,71.2600,70.2301,70.3800,12666130,WMT
2024-07-23,70.4700,70.7000,70.1100,70.6500,9263561,WMT
2024-07-24,70.5200,70.8400,70.3400,70.6000,22490783,WMT
2024-07-25,70.6000,70.7700,69.9500,70.0200,18821199,WMT
2024-07-26,70.2300,70.2350,68.8300,69.7800,16789306,WMT
2024-07-29,69.8500,69.9000,69.1300,69.6200,10315305,WMT
2024-07-30,69.5500,69.8450,68.9800,69.1900,12522469,WMT
2024-07-31,69.1800,69.2500,68.2900,68.6400,22908760,WMT
2024-08-01,68.9100,69.8000,68.5200,69.7900,17275532,WMT
2024-08-02,69.6000,70.2350,67.7400,68.4600,23578664,WMT
2024-08-05,68.1000,68.5800,66.9100,67.5900,20770455,WMT
2024-08-06,67.8400,68.6300,67.6800,67.7400,14815072,WMT
2024-08-07,67.8700,68.0100,66.8100,66.9100,18499200,WMT
2024-08-08,66.8400,67.9199,66.6700,67.6600,12489819,WMT
2024-08-09,67.8500,68.2200,67.3300,67.9500,13805576,WMT
2024-08-12,68.3400,69.2250,68.0700,68.7000,17385278,WMT
2024-08-13,68.4300,68.6100,67.1400,68.1300,26557901,WMT
2024-08-14,67.9200,68.7900,67.8500,68.6600,22928551,WMT
2024-08-15,74.1200,74.4400,72.7800,73.1800,49567500,WMT
2024-08-16,72.7000,73.6050,72.5200,73.4500,19872144,WMT
2024-08-19,73.3900,73.9800,73.3400,73.7200,13709265,WMT
2024-08-20,73.7500,74.7500,73.7200,74.5400,14433985,WMT
2024-08-21,75.3000,75.5800,74.5900,75.2400,14831992,WMT
2024-08-22,75.3700,76.2200,75.1500,75.5800,16511139,WMT
2024-08-23,75.6000,75.8100,75.0077,75.7000,12299093,WMT
2024-08-26,75.9000,76.2050,75.5700,76.0300,9508215,WMT
2024-08-27,76.4500,76.4500,75.7700,76.1300,11557762,WMT
2024-08-28,76.2800,76.4300,75.8050,76.0800,9814264,WMT
2024-08-29,75.9900,76.4700,75.6700,76.4200,11856787,WMT
2024-08-30,76.4400,77.4750,76.2200,77.2300,23229975,WMT
2024-09-03,77.3300,77.8100,76.7950,77.1700,22666144,WMT
2024-09-04,77.3300,77.4800,76.7300,77.2400,17989964,WMT
2024-09-05,77.2500,77.4500,76.3900,76.9600,13082893,WMT
2024-09-06,76.9000,77.3200,76.3000,76.6400,14548588,WMT
2024-09-09,76.8500,77.4700,76.4900,77.3400,22260226,WMT
2024-09-10,77.3500,78.9000,77.2800,78.8100,17686284,WMT
2024-09-11,78.3800,78.9200,77.5650,78.8400,19518761,WMT
2024-09-12,78.9900,79.9050,78.6221,79.6600,14884852,WMT
2024-09-13,79.8200,80.6850,79.6900,80.6000,12994100,WMT
2024-09-16,80.8400,81.0200,80.1400,80.5600,15346367,WMT
2024-09-17,79.7600,80.2600,78.2600,78.6000,21065938,WMT
2024-09-18,78.6400,79.4100,78.2800,79.0300,15684878,WMT
2024-09-19,79.0500,79.0900,77.4900,78.0400,21525685,WMT
2024-09-20,78.2300,79.6100,78.1100,79.0600,39534251,WMT
2024-09-23,79.0700,80.4374,79.0700,80.3300,12147264,WMT
2024-09-24,80.4800,80.9100,80.2400,80.6700,14651133,WMT
2024-09-25,80.8900,81.6000,80.6800,81.4000,14163785,WMT
2024-09-26,81.0400,81.2000,79.2600,79.9200,17061133,WMT
2024-09-27,79.9000,80.2875,79.6000,79.7800,11899050,WMT
2024-09-30,79.8900,80.9400,79.8600,80.7500,19008187,WMT
2024-05-08,187.4400,188.4300,186.3850,188.0000,26136350,AMZN
2024-05-09,188.8800,191.7000,187.4400,189.5000,43368377,AMZN
2024-05-10,189.1600,189.8920,186.9300,187.4800,34141771,AMZN
2024-05-13,188.0000,188.3100,185.3600,186.5700,24898613,AMZN
2024-05-14,183.8200,187.7200,183.4500,187.0700,38698155,AMZN
2024-05-15,185.9700,186.7193,182.7300,185.9900,75459927,AMZN
2024-05-16,185.6000,187.3100,183.4600,183.6300,38834450,AMZN
2024-05-17,183.7600,185.3000,183.3500,184.7000,33175655,AMZN
2024-05-20,184.3400,186.6650,183.2800,183.5400,30511768,AMZN
2024-05-21,182.3000,183.2600,180.7500,183.1500,50839129,AMZN
2024-05-22,183.8800,185.2200,181.9715,183.1300,28148784,AMZN
2024-05-23,183.6600,184.7600,180.0800,181.0500,33670173,AMZN
2024-05-24,181.6500,182.4350,180.3000,180.7500,27471640,AMZN
2024-05-28,179.9300,182.2400,179.4900,182.1500,29926963,AMZN
2024-05-29,181.7000,184.0800,181.5500,182.0200,32009294,AMZN
2024-05-30,181.3100,181.3400,178.3550,179.3200,29249229,AMZN
2024-05-31,178.3000,179.2100,173.8700,176.4400,58903939,AMZN
2024-06-03,177.7000,178.7000,175.9200,178.3400,30786640,AMZN
2024-06-04,177.6400,179.8200,176.4400,179.3400,27198388,AMZN
2024-06-05,180.1000,181.5000,178.7500,181.2800,32116394,AMZN
2024-06-06,181.7450,185.0000,181.4900,185.0000,31371151,AMZN
2024-06-07,184.9000,186.2888,183.3600,184.3000,28021473,AMZN
2024-06-10,184.0700,187.2300,183.7900,187.0600,34494498,AMZN
2024-06-11,187.0600,187.7700,184.5373,187.2300,27265108,AMZN
2024-06-12,188.0150,188.3500,185.4300,186.8900,33984216,AMZN
2024-06-13,186.0900,187.6700,182.6660,183.8300,39721545,AMZN
2024-06-14,183.0800,183.7200,182.2300,183.6600,25456410,AMZN
2024-06-17,182.5200,185.0000,181.2200,184.0600,35601907,AMZN
2024-06-18,183.7350,184.2900,181.4300,182.8100,36659157,AMZN
2024-06-20,182.9100,186.5100,182.7200,186.1000,44726779,AMZN
2024-06-21,187.8000,189.2750,185.8600,189.0800,72931754,AMZN
2024-06-24,189.3300,191.0000,185.3300,185.5700,50610379,AMZN
2024-06-25,186.8100,188.8400,185.4200,186.3400,45898475,AMZN
2024-06-26,186.9200,194.8000,186.2600,193.6100,65103893,AMZN
2024-06-27,195.0050,199.8400,194.2000,197.8500,74397491,AMZN
2024-06-28,197.7300,198.8500,192.5000,193.2500,76930192,AMZN
2024-07-01,193.4900,198.2957,192.8200,197.2000,41192011,AMZN
2024-07-02,197.2800,200.4300,195.9300,200.0000,45600013,AMZN
2024-07-03,199.9400,200.0290,196.7601,197.5900,31597926,AMZN
2024-07-05,198.6500,200.5500,198.1700,200.0000,39858885,AMZN
2024-07-08,200.0400,201.2000,197.9600,199.2900,34767261,AMZN
2024-07-09,199.4000,200.5700,199.0450,199.3400,32756736,AMZN
2024-07-10,199.9950,200.1100,197.6900,199.7900,32883753,AMZN
2024-07-11,200.0900,200.2699,192.8600,195.0500,44565041,AMZN
2024-07-12,194.8000,196.4700,193.8301,194.4900,30598525,AMZN
2024-07-15,194.5600,196.1900,190.8300,192.7200,40683227,AMZN
2024-07-16,195.5900,196.6200,192.2400,193.0200,33994714,AMZN
2024-07-17,191.3500,191.5800,185.9900,187.9300,48076139,AMZN
2024-07-18,189.5900,189.6800,181.4480,183.7500,51043626,AMZN
2024-07-19,181.1400,184.9300,180.1100,183.1300,43081829,AMZN
2024-07-22,185.0000,185.0600,182.4800,182.5500,39931923,AMZN
2024-07-23,184.1000,189.3900,183.5600,186.4100,47537670,AMZN
2024-07-24,183.2000,185.4500,180.4100,180.8300,41532360,AMZN
2024-07-25,182.9100,183.8958,176.8000,179.8500,44464163,AMZN
2024-07-26,180.3900,183.1900,180.2400,182.5000,29505964,AMZN
2024-07-29,183.8400,184.7500,182.3800,183.2000,33270123,AMZN
2024-07-30,184.7200,185.8600,179.3800,181.7100,39508574,AMZN
2024-07-31,185.0500,187.9400,184.4600,186.9800,41667326,AMZN
2024-08-01,189.2850,190.6000,181.8700,184.0700,70435635,AMZN
2024-08-02,166.7500,168.7700,160.5500,167.9000,141448365,AMZN
2024-08-05,154.2100,162.9600,151.6100,161.0200,83149437,AMZN
2024-08-06,161.7100,165.0800,158.5404,161.9300,59950830,AMZN
2024-08-07,166.5500,167.5800,161.4300,162.7700,48408240,AMZN
2024-08-08,165.1650,166.6899,162.5500,165.8000,44616206,AMZN
2024-08-09,166.4000,168.5500,165.8500,166.9400,36401049,AMZN
2024-08-12,168.1400,168.5500,166.1101,166.8000,30072788,AMZN
2024-08-13,167.8100,171.0400,167.1000,170.2300,39237915,AMZN
2024-08-14,172.1100,172.2800,168.8600,170.1000,28843804,AMZN
2024-08-15,174.8600,177.9100,173.9900,177.5900,51698513,AMZN
2024-08-16,177.0400,178.3400,176.2601,177.0600,31489175,AMZN
2024-08-19,177.6400,178.3000,176.1600,178.2200,31129807,AMZN
2024-08-20,177.9200,179.0100,177.4308,178.8800,26255204,AMZN
2024-08-21,179.9200,182.3850,178.8937,180.1100,35599120,AMZN
2024-08-22,181.3800,181.4700,175.6800,176.1300,32047482,AMZN
2024-08-23,177.3400,178.9699,175.2400,177.0400,29150091,AMZN
2024-08-26,176.7000,177.4682,174.3000,175.5000,22366236,AMZN
2024-08-27,174.1500,174.8900,172.2500,173.1200,29841979,AMZN
2024-08-28,173.6900,173.6900,168.9200,170.8000,29045025,AMZN
2024-08-29,173.2200,174.2900,170.8100,172.1200,26407815,AMZN
2024-08-30,172.7800,178.9000,172.6000,178.5000,43429355,AMZN
2024-09-03,177.5500,178.2600,175.2600,176.2500,37817511,AMZN
2024-09-04,174.4800,175.9800,172.5400,173.3300,29682478,AMZN
2024-09-05,175.0000,179.8750,174.9950,177.8900,40170526,AMZN
2024-09-06,177.2400,178.3800,171.1600,171.3900,41466537,AMZN
2024-09-09,174.5300,175.8500,173.5100,175.4000,29037362,AMZN
2024-09-10,177.4900,180.5000,176.7900,179.5500,36233796,AMZN
2024-09-11,180.0950,184.9900,175.7300,184.5200,42564698,AMZN
2024-09-12,184.8000,187.4100,183.5400,187.0000,33622483,AMZN
2024-09-13,187.0000,188.5000,185.9100,186.4900,26495351,AMZN
2024-09-16,185.2900,185.8100,183.3600,184.8900,26065485,AMZN
2024-09-17,186.8500,189.4500,186.1400,186.8800,26091682,AMZN
2024-09-18,186.4500,188.8000,185.0600,186.4300,34448130,AMZN
2024-09-19,190.0400,190.9900,188.4700,189.8700,39543168,AMZN
2024-09-20,190.2300,191.8400,187.4100,191.6000,100378553,AMZN
2024-09-23,191.6400,194.4500,190.5700,193.8800,36993111,AMZN
2024-09-24,194.2700,195.3700,190.1300,193.9600,43478926,AMZN
2024-09-25,193.7500,193.9498,192.1600,192.5300,26391144,AMZN
2024-09-26,194.3100,194.5300,189.5400,191.1600,36334854,AMZN
2024-09-27,190.6800,190.9000,187.3400,187.9700,36002316,AMZN
2024-09-30,187.1400,188.4900,184.6500,186.3300,41680400,AMZN
2024-05-08,146.1200,147.9300,145.9200,147.7700,2799696,UPS
2024-05-09,148.0800,148.3900,147.2150,148.0600,2510562,UPS
2024-05-10,147.0050,147.9900,146.5100,147.3700,2504551,UPS
2024-05-13,147.8500,150.7800,147.8500,150.6000,4185615,UPS
2024-05-14,151.4100,153.4203,147.8800,147.9400,3597286,UPS
2024-05-15,148.4600,149.0000,147.7900,147.9400,2696084,UPS
2024-05-16,148.5000,150.0300,147.3800,149.6600,2298712,UPS
2024-05-17,149.5800,149.7100,148.1750,149.2400,1956712,UPS
2024-05-20,148.3200,149.5699,147.2900,147.5900,1812759,UPS
2024-05-21,147.4400,147.7200,145.1200,145.4200,2750419,UPS
2024-05-22,144.4200,144.8996,142.7800,143.7700,3590547,UPS
2024-05-23,143.0100,143.1750,139.0300,139.1000,4437193,UPS
2024-05-24,140.2900,140.4900,137.9300,138.6600,2995428,UPS
2024-05-28,138.0000,139.2155,136.2439,137.5800,3314722,UPS
2024-05-29,136.3200,136.9200,134.3000,134.4100,3996893,UPS
2024-05-30,134.2900,136.9900,133.5800,136.8600,4077753,UPS
2024-05-31,137.5500,139.0700,136.1200,138.9300,5887429,UPS
2024-06-03,139.6350,139.7900,137.3500,138.4200,2728264,UPS
2024-06-04,137.9100,138.3100,135.5000,135.6300,3874832,UPS
2024-06-05,136.1500,137.6900,135.2000,137.5700,3109042,UPS
2024-06-06,137.0100,137.7200,135.8550,137.5600,2852484,UPS
2024-06-07,136.9000,139.5900,136.3800,137.6400,3209458,UPS
2024-06-10,136.7700,138.0600,136.4100,137.6800,3633585,UPS
2024-06-11,136.7600,137.9832,136.4450,137.3500,2659815,UPS
2024-06-12,138.4800,138.5750,136.2100,136.4300,3484617,UPS
2024-06-13,136.3200,136.3200,133.8100,134.8900,4944207,UPS
2024-06-14,134.1050,135.6950,132.9000,135.6500,3800244,UPS
2024-06-17,135.5100,136.2900,134.6800,135.8500,4117678,UPS
2024-06-18,136.3000,137.2400,133.9200,134.2000,4104086,UPS
2024-06-20,134.0200,137.4900,133.6250,136.8700,4165689,UPS
2024-06-21,136.6200,138.5900,136.2900,136.6000,9237861,UPS
2024-06-24,137.8000,139.6400,137.1400,138.6000,3695903,UPS
2024-06-25,138.0400,138.0400,134.0500,134.3600,4893665,UPS
2024-06-26,136.4800,138.9500,135.1000,138.1500,6104304,UPS
2024-06-27,137.9900,137.9900,135.1900,135.8300,3732537,UPS
2024-06-28,136.1800,137.2000,135.7000,136.8500,6609563,UPS
2024-07-01,136.6400,138.1000,135.5647,135.9500,2668235,UPS
2024-07-02,135.6100,135.9600,134.0600,134.9100,3280478,UPS
2024-07-03,135.7400,136.4900,135.1900,135.5500,1539867,UPS
2024-07-05,134.8700,136.4600,134.4400,136.3500,3237538,UPS
2024-07-08,136.3500,137.3150,135.4100,135.5300,2773687,UPS
2024-07-09,135.2600,135.8700,133.9300,134.2800,3118789,UPS
2024-07-10,134.3400,135.7600,133.8100,135.6500,2834762,UPS
2024-07-11,135.8900,139.0500,135.7700,138.2400,3449990,UPS
2024-07-12,139.0000,143.3800,138.6900,142.3500,4801344,UPS
2024-07-15,143.0100,145.2500,142.7500,144.1500,4164009,UPS
2024-07-16,144.0300,147.5700,144.0300,147.3300,3805311,UPS
2024-07-17,146.9900,147.7920,146.4000,147.3800,2863582,UPS
2024-07-18,146.0200,148.1500,144.4500,144.7600,3412940,UPS
2024-07-19,145.8700,145.8800,143.2395,145.1800,3073801,UPS
2024-07-22,145.7500,146.1700,143.6900,145.1800,3629819,UPS
2024-07-23,130.1400,132.2600,124.9750,127.6800,25353850,UPS
2024-07-24,126.5100,129.2450,124.8000,128.5300,11642492,UPS
2024-07-25,129.2700,129.5500,126.5350,127.0800,7761913,UPS
2024-07-26,128.8400,129.8600,128.4600,128.8300,7271324,UPS
2024-07-29,129.1400,129.2400,127.6500,128.6100,5414343,UPS
2024-07-30,128.7000,130.8600,128.4600,129.0300,4747688,UPS
2024-07-31,129.2500,131.1500,127.4500,130.3700,7025937,UPS
2024-08-01,131.0400,132.4899,129.6100,130.5800,4790636,UPS
2024-08-02,129.8800,130.6400,127.2000,128.0600,5098995,UPS
2024-08-05,126.8300,127.9500,125.8000,126.0200,5243011,UPS
2024-08-06,126.0600,127.7900,124.4200,124.5000,5608270,UPS
2024-08-07,125.2500,127.1050,123.2500,123.3200,4741854,UPS
2024-08-08,123.2000,126.3400,123.1200,126.2100,3823201,UPS
2024-08-09,126.3400,126.3400,124.6750,125.8200,3825042,UPS
2024-08-12,126.0100,126.1200,124.5700,124.8600,2549544,UPS
2024-08-13,125.3050,126.9600,124.8500,126.4900,3057574,UPS
2024-08-14,126.3600,126.8000,125.7300,126.4200,3155693,UPS
2024-08-15,127.8800,129.4000,127.8800,128.5500,4448327,UPS
2024-08-16,128.5100,130.0600,128.3650,129.6500,3255863,UPS
2024-08-19,127.7600,129.8750,127.6370,128.9500,3157931,UPS
2024-08-20,128.8300,129.2000,127.5900,128.8800,2342529,UPS
2024-08-21,129.6500,129.7800,127.5900,127.9000,4895909,UPS
2024-08-22,128.1800,128.1800,126.1350,126.8400,5083190,UPS
2024-08-23,127.5250,129.2600,126.9400,127.9700,6310292,UPS
2024-08-26,128.8700,129.5800,128.3850,129.2600,4501438,UPS
2024-08-27,129.6600,129.7300,127.2500,127.9000,3214032,UPS
2024-08-28,127.6100,128.7650,126.6500,127.1900,3361096,UPS
2024-08-29,128.0200,128.2900,126.7600,126.9800,3477608,UPS
2024-08-30,127.5100,128.7000,126.8900,128.5500,4116068,UPS
2024-09-03,127.5850,128.3200,127.0620,127.5000,5821221,UPS
2024-09-04,127.6900,129.5300,127.1300,128.9200,5649596,UPS
2024-09-05,129.2900,129.3000,126.6900,127.4000,5311072,UPS
2024-09-06,127.6700,128.1400,126.7100,127.5400,3590415,UPS
2024-09-09,127.8000,129.7200,127.6101,128.8800,3770799,UPS
2024-09-10,129.4300,130.1500,128.5300,129.8300,2590054,UPS
2024-09-11,129.2700,129.2700,126.3412,128.5000,3404502,UPS
2024-09-12,128.8800,129.0500,127.4800,128.4200,3447323,UPS
2024-09-13,128.6700,128.7900,125.6550,127.2400,5214539,UPS
2024-09-16,128.1900,129.5100,127.9700,128.9100,4589569,UPS
2024-09-17,130.0000,131.5000,129.4200,130.6500,3141657,UPS
2024-09-18,131.0000,132.1250,130.4600,130.6500,2939560,UPS
2024-09-19,132.7500,133.5700,131.7900,132.1300,4092324,UPS
2024-09-20,128.5000,129.2000,126.5400,128.6000,14211506,UPS
2024-09-23,129.3750,129.4000,127.8500,128.7400,2991718,UPS
2024-09-24,129.4000,129.8100,128.6200,129.5200,3829528,UPS
2024-09-25,129.5400,131.8100,129.2400,131.5100,5048200,UPS
2024-09-26,132.5700,134.2300,132.5700,133.3300,3997069,UPS
2024-09-27,133.9700,135.6000,133.9700,134.2600,4104431,UPS
2024-09-30,134.7600,136.9300,134.7600,136.3400,4119870,UPS
2024-05-08,257.7800,259.0000,255.8100,258.0100,1453867,FDX
2024-05-09,258.1800,262.5100,258.1800,262.0600,923721,FDX
2024-05-10,262.0600,265.9500,262.0600,265.7300,1092424,FDX
2024-05-13,266.0300,268.3300,265.0300,266.8900,2036442,FDX
2024-05-14,267.2200,267.6250,258.3500,259.0400,2534036,FDX
2024-05-15,260.0000,260.7300,258.1900,259.3200,1145756,FDX
2024-05-16,258.5600,260.9900,257.4100,258.7800,1136270,FDX
2024-05-17,260.0800,260.0800,256.2796,257.2500,1419700,FDX
2024-05-20,256.9900,257.4100,254.0700,254.7100,899543,FDX
2024-05-21,254.0000,254.8000,250.9300,252.3300,1027206,FDX
2024-05-22,252.0000,252.6600,249.7900,252.0700,1766130,FDX
2024-05-23,251.5500,252.1500,246.8950,249.2900,1446511,FDX
2024-05-24,250.0000,250.8900,246.3100,247.5900,1096590,FDX
2024-05-28,247.2000,249.4300,246.7100,248.0400,1229816,FDX
2024-05-29,245.8400,247.0300,244.3100,245.1100,1108329,FDX
2024-05-30,246.1500,249.7000,245.5050,249.5800,1084452,FDX
2024-05-31,250.0000,254.3250,248.1200,253.9600,1747147,FDX
2024-06-03,253.3800,253.9900,246.7100,248.6200,1409883,FDX
2024-06-04,248.0000,248.3300,244.2600,245.9500,1253621,FDX
2024-06-05,247.9000,248.3350,244.4700,248.0500,930390,FDX
2024-06-06,248.0500,251.2900,247.3100,250.2700,1171199,FDX
2024-06-07,247.9600,251.3700,247.1450,247.7300,1281900,FDX
2024-06-10,247.0000,254.2100,245.9150,253.7200,1475471,FDX
2024-06-11,252.1600,252.5875,249.9000,252.4300,1176868,FDX
2024-06-12,253.3800,254.3000,248.1300,248.6000,1555991,FDX
2024-06-13,249.1400,249.5000,244.2600,248.6000,1015640,FDX
2024-06-14,246.5500,247.9100,242.9200,246.4300,1245761,FDX
2024-06-17,245.5400,250.4700,244.8500,250.0600,1252183,FDX
2024-06-18,250.2000,252.4100,247.6000,248.0900,1506100,FDX
2024-06-20,248.7600,253.3499,248.4650,252.5200,1488600,FDX
2024-06-21,252.9800,255.8900,251.6101,253.6600,3145207,FDX
2024-06-24,253.9800,257.3085,253.1400,256.5100,1897242,FDX
2024-06-25,256.1500,256.8000,252.6001,256.3800,6313659,FDX
2024-06-26,288.4250,296.8600,284.0000,296.1900,11126144,FDX
2024-06-27,293.1200,295.8500,288.4100,295.4700,3989167,FDX
2024-06-28,293.9000,302.4084,293.4400,299.8400,4278920,FDX
2024-07-01,298.1200,301.2800,297.2100,298.6800,2469072,FDX
2024-07-02,296.4900,301.2100,296.4900,298.2200,1834588,FDX
2024-07-03,299.2400,299.5000,292.6550,293.7100,1274326,FDX
2024-07-05,293.7100,294.9700,292.0700,294.0000,1480190,FDX
2024-07-08,294.5100,297.8936,293.6150,295.5300,1532993,FDX
2024-07-09,296.0000,296.8400,292.5200,292.7300,1252354,FDX
2024-07-10,292.7300,293.6600,289.4600,293.2700,1466553,FDX
2024-07-11,294.9900,300.9400,294.6750,299.5400,1860782,FDX
2024-07-12,298.5600,301.0100,297.6800,299.0200,1445706,FDX
2024-07-15,300.4600,305.5900,299.0600,305.0200,2068704,FDX
2024-07-16,305.8400,313.8400,305.7750,313.5200,2812578,FDX
2024-07-17,310.4300,313.6691,308.1000,310.4300,1588345,FDX
2024-07-18,308.9800,313.1600,305.6400,306.6200,1603002,FDX
2024-07-19,306.6200,308.7300,304.0200,306.3100,1294627,FDX
2024-07-22,307.0000,307.7400,301.4000,307.4300,1414201,FDX
2024-07-23,299.0000,304.0875,297.7500,300.8000,2268483,FDX
2024-07-24,300.8100,300.8100,296.5800,298.2800,1541125,FDX
2024-07-25,298.2900,303.2900,298.0100,298.5900,1262657,FDX
2024-07-26,299.8500,302.1800,297.4700,300.1400,1200882,FDX
2024-07-29,300.3200,301.9700,298.0600,299.2300,865086,FDX
2024-07-30,299.9600,303.0000,299.3050,300.8800,1038532,FDX
2024-07-31,301.0500,305.6100,300.8812,302.2500,947414,FDX
2024-08-01,303.2200,305.8721,296.2900,297.8300,1532574,FDX
2024-08-02,292.9800,294.5400,287.7300,292.3000,2252729,FDX
2024-08-05,284.6100,289.1800,279.6000,283.0900,2684030,FDX
2024-08-06,284.8000,289.7000,282.5700,285.7300,1424722,FDX
2024-08-07,289.0000,289.0000,277.0600,278.1300,1790974,FDX
2024-08-08,279.1200,281.8000,276.4650,278.6200,1573352,FDX
2024-08-09,277.4400,277.9700,274.1500,277.4100,1256175,FDX
2024-08-12,279.2100,281.4100,277.4900,279.1500,1247323,FDX
2024-08-13,280.2300,283.3900,279.2000,283.1000,1232043,FDX
2024-08-14,283.3100,285.0300,282.8150,283.3300,768241,FDX
2024-08-15,287.3000,291.7000,282.6400,284.1800,1292881,FDX
2024-08-16,284.0000,285.5500,279.1500,285.4000,1318335,FDX
2024-08-19,285.8800,288.8700,285.5235,288.4200,804192,FDX
2024-08-20,287.9900,289.0000,286.4600,288.4400,591742,FDX
2024-08-21,290.7600,292.6250,289.2900,291.5200,787399,FDX
2024-08-22,292.6000,294.6300,290.6700,294.2800,980082,FDX
2024-08-23,295.9100,298.5700,294.8400,297.1800,865593,FDX
2024-08-26,298.5700,299.3100,295.7500,297.2400,771591,FDX
2024-08-27,297.2300,297.6400,292.7300,294.9000,828694,FDX
2024-08-28,294.9100,297.5800,294.2000,296.1300,712298,FDX
2024-08-29,297.7500,299.1900,295.4600,296.2500,729970,FDX
2024-08-30,297.0900,299.1000,294.7101,298.7700,1096965,FDX
2024-09-03,296.0600,297.1600,291.5600,293.4800,1138831,FDX
2024-09-04,293.9100,295.3600,291.9950,292.8400,715800,FDX
2024-09-05,293.4600,293.9500,283.7500,285.3100,1317998,FDX
2024-09-06,285.3800,288.0050,282.6500,283.0400,1117464,FDX
2024-09-09,283.5000,286.1842,282.9300,283.3000,880031,FDX
2024-09-10,283.9200,284.8200,280.0755,283.8500,940090,FDX
2024-09-11,282.6600,285.3700,277.8850,284.8600,937701,FDX
2024-09-12,285.6700,288.3100,284.3300,286.0000,862185,FDX
2024-09-13,287.5700,287.5700,280.8650,286.3800,1142647,FDX
2024-09-16,289.7400,293.8100,288.3500,292.6300,1141728,FDX
2024-09-17,296.0000,300.4500,294.7000,297.3400,1331334,FDX
2024-09-18,295.5200,301.0100,295.5200,298.1700,1373510,FDX
2024-09-19,304.1300,308.0000,297.8700,300.3900,4220491,FDX
2024-09-20,260.7750,262.5614,253.5000,254.6400,17455457,FDX
2024-09-23,255.5100,260.7299,255.5000,258.7900,3730597,FDX
2024-09-24,259.1200,268.3300,259.1200,267.1300,4108980,FDX
2024-09-25,266.0100,267.7699,262.8500,263.7700,2593692,FDX
2024-09-26,267.0900,270.9891,265.2100,266.3300,1862548,FDX
2024-09-27,267.1000,270.4800,266.5000,267.5500,1819238,FDX
2024-09-30,269.6200,276.7500,269.0601,273.6800,2908280,FDX
2024-05-08,338.7800,340.4400,337.6300,338.8300,3123197,HD
2024-05-09,339.2500,348.0050,338.8800,347.4400,3801438,HD
2024-05-10,347.4600,349.8100,344.6950,346.4300,3413895,HD
2024-05-13,348.0600,348.7900,340.4000,340.9600,4055584,HD
2024-05-14,335.0500,344.2549,333.0000,340.5000,5854302,HD
2024-05-15,345.1800,350.4400,344.6900,348.6700,4151111,HD
2024-05-16,348.0000,348.2500,342.6700,342.7300,3101626,HD
2024-05-17,344.7600,344.9300,340.5900,344.2100,2739006,HD
2024-05-20,341.1300,342.5491,337.5400,337.8200,3237361,HD
2024-05-21,339.0000,339.0000,332.3250,336.1500,4275120,HD
2024-05-22,334.6600,335.2500,328.9300,330.5900,4024444,HD
2024-05-23,330.9800,331.0000,325.9950,326.8900,4021123,HD
2024-05-24,326.3900,327.5400,324.4200,325.1000,2736871,HD
2024-05-28,325.3900,330.9900,324.4800,328.7000,3807491,HD
2024-05-29,326.5300,326.7900,323.7700,325.9100,3506227,HD
2024-05-30,326.2600,330.2200,325.7050,329.1800,2922152,HD
2024-05-31,330.0500,335.1700,328.0100,334.8700,5557767,HD
2024-06-03,333.6500,333.6500,326.8374,328.0100,3712785,HD
2024-06-04,326.8700,329.7900,325.1000,328.2600,4296831,HD
2024-06-05,328.5000,330.4600,325.9200,330.2600,2422380,HD
2024-06-06,329.8000,331.8400,328.0600,331.1000,2979372,HD
2024-06-07,325.7300,328.8156,323.9300,327.0300,2583813,HD
2024-06-10,327.0000,332.8000,326.5000,332.5600,2691369,HD
2024-06-11,333.0000,336.3100,330.3200,335.7200,3250889,HD
2024-06-12,347.0300,350.4900,343.0600,344.1400,4793021,HD
2024-06-13,345.9000,348.6899,343.0700,347.8800,3380799,HD
2024-06-14,344.8100,347.4950,341.6900,346.8400,2588960,HD
2024-06-17,344.8900,350.6940,344.4000,349.5000,2680442,HD
2024-06-18,352.9500,356.4111,352.1146,353.8700,3654970,HD
2024-06-20,352.0000,354.9213,349.5900,353.4400,3661185,HD
2024-06-21,354.8400,356.2500,352.0500,355.8000,6596539,HD
2024-06-24,356.9000,357.6850,350.7200,350.8800,4278905,HD
2024-06-25,346.3100,346.9900,334.5337,338.3200,4980465,HD
2024-06-26,339.4600,342.5900,337.5300,341.8200,3365303,HD
2024-06-27,342.8300,344.7600,338.4500,341.4900,2912566,HD
2024-06-28,341.3500,345.2800,340.7100,344.2400,6344192,HD
2024-07-01,343.9200,344.6450,335.3900,336.1900,2643576,HD
2024-07-02,335.0000,336.8300,332.5300,334.9700,2995943,HD
2024-07-03,337.0000,339.6395,333.5401,333.6400,1732991,HD
2024-07-05,332.7100,335.9200,331.6400,334.5800,3437489,HD
2024-07-08,335.8800,340.7600,335.0000,339.6000,3534519,HD
2024-07-09,338.9500,339.2600,335.5700,337.0900,2255131,HD
2024-07-10,338.6400,344.2900,337.6200,344.1800,3263135,HD
2024-07-11,350.7800,354.1300,345.0000,353.7900,4147603,HD
2024-07-12,355.0000,363.9500,354.0900,359.7700,4019875,HD
2024-07-15,359.1400,361.1800,355.0300,358.4600,2884198,HD
2024-07-16,360.0600,369.4150,359.5000,369.1200,3210362,HD
2024-07-17,366.6400,375.1900,365.4200,371.8900,3991105,HD
2024-07-18,369.9000,375.7400,365.7750,366.0800,2394996,HD
2024-07-19,366.4300,367.6000,361.9450,363.3600,2474497,HD
2024-07-22,364.5000,367.2800,361.0800,363.2500,4049300,HD
2024-07-23,365.4300,365.4300,359.3800,359.6200,2535667,HD
2024-07-24,358.9300,361.4536,350.0000,350.3100,3508062,HD
2024-07-25,350.2000,358.8332,349.3300,353.2900,3297550,HD
2024-07-26,355.0100,361.6700,355.0100,359.5100,2439246,HD
2024-07-29,359.2100,362.8900,358.9450,361.6700,2142243,HD
2024-07-30,362.8200,364.6850,359.2600,363.6900,2788755,HD
2024-07-31,365.0000,372.4900,363.0430,368.1600,3526126,HD
2024-08-01,369.9900,371.4800,353.7501,358.5800,3759024,HD
2024-08-02,354.9300,355.5700,346.7400,355.4300,3764790,HD
2024-08-05,350.8800,353.9400,345.2400,350.0100,3828080,HD
2024-08-06,348.7500,358.6599,347.2800,353.9100,2831088,HD
2024-08-07,355.1800,356.2700,342.2800,342.4000,3429059,HD
2024-08-08,342.2400,348.7400,341.3400,348.3400,3591145,HD
2024-08-09,347.8900,351.5299,345.3950,348.6400,2314771,HD
2024-08-12,350.7700,351.5000,342.1300,345.8100,3830237,HD
2024-08-13,341.8700,353.3900,339.3700,350.0700,6388596,HD
2024-08-14,349.5500,359.6899,349.4000,355.6600,4814780,HD
2024-08-15,362.4600,365.4100,358.1400,360.0700,3575809,HD
2024-08-16,359.9700,363.7000,359.9700,362.0600,3308320,HD
2024-08-19,362.5000,364.6900,362.1000,363.0700,3634851,HD
2024-08-20,360.6500,367.6400,360.5000,367.2700,3459401,HD
2024-08-21,369.4500,372.8700,368.5218,370.4600,4587568,HD
2024-08-22,371.5000,372.4600,364.6100,365.3600,4097321,HD
2024-08-23,366.6600,376.3200,365.1900,375.5900,3426154,HD
2024-08-26,377.0800,378.5821,373.3700,374.1100,2452134,HD
2024-08-27,373.4900,374.2800,371.0000,373.1800,1780282,HD
2024-08-28,373.0000,375.4100,370.2000,372.6900,2218430,HD
2024-08-29,372.6100,373.3160,366.9300,367.0600,2698518,HD
2024-08-30,369.2400,370.4100,364.8772,368.5000,3216660,HD
2024-09-03,367.9000,369.3800,362.9000,364.7400,3598082,HD
2024-09-04,364.1700,365.9300,360.0124,364.6700,3207595,HD
2024-09-05,364.9000,365.1500,357.5800,361.8500,2789359,HD
2024-09-06,362.9200,365.4400,359.4200,360.0500,2228832,HD
2024-09-09,362.7600,366.1600,360.0300,365.5200,2747588,HD
2024-09-10,365.7000,371.5600,362.4800,370.8700,2787401,HD
2024-09-11,369.5500,371.2100,362.1400,370.4900,2937689,HD
2024-09-12,371.9400,374.9900,370.5600,374.4300,2368302,HD
2024-09-13,375.5600,382.0000,375.5100,379.9900,2514699,HD
2024-09-16,382.0000,384.0000,379.5300,382.0100,2877932,HD
2024-09-17,383.4300,387.9400,381.6800,383.2400,2947574,HD
2024-09-18,384.0900,392.6700,381.0700,384.0100,3549367,HD
2024-09-19,390.8400,391.8700,387.0100,390.3400,3753549,HD
2024-09-20,388.3300,391.8300,387.0000,389.8600,6584408,HD
2024-09-23,390.8300,392.6499,387.2600,391.9600,2502469,HD
2024-09-24,394.7000,401.1100,393.6300,400.6600,4057692,HD
2024-09-25,400.6600,400.6600,395.6200,396.9300,2787489,HD
2024-09-26,399.5000,400.0000,395.4900,396.7000,2849536,HD
2024-09-27,399.6500,403.5437,398.3100,399.5300,2452254,HD
2024-09-30,400.2000,405.3100,399.0200,405.2000,3444362,HD
2024-05-08,504.1700,507.0000,500.0750,503.2100,3079031,UNH
2024-05-09,502.1400,507.9700,502.1400,507.0300,2343066,UNH
2024-05-10,509.0000,513.5750,507.0000,512.8100,2784585,UNH
2024-05-13,512.0500,514.6700,507.3100,511.7400,2454689,UNH
2024-05-14,514.5800,516.1700,507.3000,513.8800,2949795,UNH
2024-05-15,514.8300,522.5900,514.8300,517.5500,2981351,UNH
2024-05-16,520.0000,528.1600,519.5100,521.2700,3655775,UNH
2024-05-17,522.9400,525.8500,520.0100,524.6300,2657396,UNH
2024-05-20,524.6300,524.6300,516.5400,517.2300,2476393,UNH
2024-05-21,518.3200,524.7200,515.9200,523.5500,2521986,UNH
2024-05-22,522.8200,526.2800,520.6500,521.3500,2299273,UNH
2024-05-23,518.3200,520.2250,515.2300,516.8300,3055555,UNH
2024-05-24,516.1100,517.1400,507.5200,508.1700,2528228,UNH
2024-05-28,506.6500,506.6500,501.9000,503.6800,2912992,UNH
2024-05-29,492.3400,493.9000,473.2700,484.7200,7521587,UNH
2024-05-30,482.3200,486.0300,478.0000,481.6500,5170507,UNH
2024-05-31,482.4100,498.4100,482.4100,495.3700,6694985,UNH
2024-06-03,494.1300,498.6800,493.0700,497.4400,2795265,UNH
2024-06-04,498.5600,508.2700,494.5900,505.4900,3178436,UNH
2024-06-05,508.7000,509.1000,498.8000,503.1200,2464359,UNH
2024-06-06,503.6500,504.6950,497.2800,501.9200,2419608,UNH
2024-06-07,502.0400,502.8600,490.4200,490.6900,3416349,UNH
2024-06-10,491.0000,495.3900,486.1900,495.0000,3332892,UNH
2024-06-11,490.8600,497.7800,490.2850,496.2200,4599726,UNH
2024-06-12,500.0000,500.0000,487.4150,493.0700,4048214,UNH
2024-06-13,490.2800,502.0000,484.3800,497.3000,4951694,UNH
2024-06-14,496.8300,497.8500,491.7300,497.1200,3188374,UNH
2024-06-17,491.3300,493.1200,488.6950,489.2300,2407163,UNH
2024-06-18,490.7100,491.6550,479.0400,481.0500,3692708,UNH
2024-06-20,480.0400,485.9200,478.1100,484.5200,5258232,UNH
2024-06-21,484.4400,488.3000,480.5900,482.5900,6775974,UNH
2024-06-24,488.8600,490.8900,484.5000,489.9800,5139763,UNH
2024-06-25,490.6400,490.6400,480.6000,484.5000,3209889,UNH
2024-06-26,484.5000,487.4400,481.4700,484.0400,3153096,UNH
2024-06-27,485.0500,488.9750,482.0500,486.4400,2992070,UNH
2024-06-28,496.3700,509.4000,489.4050,509.2600,22734197,UNH
2024-07-01,506.7450,508.9100,492.8910,494.6500,4523141,UNH
2024-07-02,494.2600,498.4700,493.3900,498.2400,3312171,UNH
2024-07-03,497.1200,498.0800,486.5200,489.8900,2239210,UNH
2024-07-05,489.0000,489.6700,484.5000,488.0100,3498996,UNH
2024-07-08,489.1900,493.8800,486.1700,489.3400,3450841,UNH
2024-07-09,488.3300,495.4000,486.0900,492.1100,3057284,UNH
2024-07-10,490.9400,501.5000,490.1201,500.9300,3189837,UNH
2024-07-11,497.7000,508.7300,497.7000,504.3600,3536225,UNH
2024-07-12,506.9200,514.5700,503.4300,511.5300,3570624,UNH
2024-07-15,524.2400,530.8300,513.8000,515.3700,5127979,UNH
2024-07-16,533.9000,549.9200,527.1300,548.8700,11061994,UNH
2024-07-17,554.0000,573.6100,551.3000,573.2800,10330780,UNH
2024-07-18,564.5000,581.5000,561.4201,564.3400,6834821,UNH
2024-07-19,567.1200,569.9000,561.5400,565.3300,4290440,UNH
2024-07-22,563.0500,564.2500,557.0800,558.5300,3377308,UNH
2024-07-23,558.7900,558.8350,552.8102,554.7000,2785570,UNH
2024-07-24,560.0000,561.1300,553.0200,559.7500,3156232,UNH
2024-07-25,562.0000,569.8900,558.5800,559.6800,3102947,UNH
2024-07-26,560.0000,579.1300,560.0000,569.7200,3202023,UNH
2024-07-29,565.7100,571.3500,561.7600,566.7500,2965169,UNH
2024-07-30,566.9000,579.4299,565.9900,576.3300,4139053,UNH
2024-07-31,565.4400,580.9032,562.3200,576.1600,4713230,UNH
2024-08-01,577.2000,587.5000,567.1000,572.7700,3680778,UNH
2024-08-02,582.3300,591.5400,575.2500,589.8300,5094041,UNH
2024-08-05,582.1200,586.8200,566.7624,569.9600,4587352,UNH
2024-08-06,568.2100,577.5200,562.5300,568.3500,3216525,UNH
2024-08-07,566.6100,571.6500,557.0250,566.0800,4320853,UNH
2024-08-08,564.3700,572.4500,564.3700,566.2400,2860848,UNH
2024-08-09,564.5400,565.9300,557.6300,558.7600,2976835,UNH
2024-08-12,562.3200,569.0000,561.0500,565.2900,2532389,UNH
2024-08-13,569.9900,575.7300,569.0000,574.2400,2369555,UNH
2024-08-14,575.2400,581.1150,573.2677,579.6700,2344386,UNH
2024-08-15,579.6700,583.3400,573.5100,579.6100,2751927,UNH
2024-08-16,580.9200,581.6500,574.1000,577.6800,2728939,UNH
2024-08-19,578.0800,583.3000,577.0700,578.7800,1847941,UNH
2024-08-20,579.8500,583.8100,575.5000,580.6500,1677473,UNH
2024-08-21,581.5100,583.3900,577.4300,578.0700,2844546,UNH
2024-08-22,579.2500,582.9500,570.6200,578.7200,2282117,UNH
2024-08-23,581.0000,585.2050,578.4500,584.5100,2376416,UNH
2024-08-26,588.0500,592.0900,585.7400,587.1300,1800112,UNH
2024-08-27,589.4700,592.3400,583.7800,587.3500,1581952,UNH
2024-08-28,589.0100,592.8400,583.8700,588.5400,1657042,UNH
2024-08-29,590.6800,592.6100,584.3700,591.5700,1953372,UNH
2024-08-30,590.0000,593.2550,586.5900,590.2000,2944705,UNH
2024-09-03,592.5200,600.6599,591.8200,598.6800,3175479,UNH
2024-09-04,600.0000,607.9400,597.8800,604.1800,2788868,UNH
2024-09-05,604.1900,606.0000,589.6700,595.4900,2144906,UNH
2024-09-06,595.8700,600.6100,592.2600,596.8800,2926369,UNH
2024-09-09,598.3200,599.4800,575.2700,594.1000,3411393,UNH
2024-09-10,595.2100,604.7992,591.1500,599.0300,2863494,UNH
2024-09-11,589.1400,591.4000,578.9700,589.7500,3563783,UNH
2024-09-12,588.5300,590.5100,583.2100,588.4200,3395835,UNH
2024-09-13,591.0800,597.6800,587.2300,594.3200,2242003,UNH
2024-09-16,595.0000,598.7900,587.7600,589.1400,2548647,UNH
2024-09-17,586.0100,586.7150,576.3900,577.9600,3415975,UNH
2024-09-18,576.8600,584.5200,572.3100,580.6500,2988303,UNH
2024-09-19,583.7200,584.8300,574.5800,577.0700,2945679,UNH
2024-09-20,571.6950,578.8400,569.6500,575.0000,5398749,UNH
2024-09-23,576.4900,579.4350,572.0000,573.4100,2386142,UNH
2024-09-24,570.8200,577.3100,566.0000,575.1900,3188511,UNH
2024-09-25,577.8700,581.1100,573.0800,576.3100,2658894,UNH
2024-09-26,575.0000,576.6000,570.9100,574.8100,2751960,UNH
2024-09-27,577.6800,586.7100,576.5900,581.8500,2986238,UNH
2024-09-30,583.5000,586.4200,578.7400,584.6800,3009766,UNH
2024-05-08,60.8500,61.5500,60.1150,61.1100,310524,CNXC
2024-05-09,61.3900,62.0900,59.7850,60.2400,459870,CNXC
2024-05-10,60.2100,60.6150,59.4300,60.2400,395097,CNXC
2024-05-13,61.0700,62.8800,61.0700,62.6500,241335,CNXC
2024-05-14,63.5600,65.1900,63.3200,64.4400,447130,CNXC
2024-05-15,65.1700,65.7099,64.0900,64.5500,353263,CNXC
2024-05-16,64.2600,65.4200,63.1500,64.6800,376284,CNXC
2024-05-17,64.8300,65.8400,64.2500,65.4100,448479,CNXC
2024-05-20,65.6900,66.8775,65.5100,66.0700,424980,CNXC
2024-05-21,65.4400,65.4400,63.5000,63.6900,344993,CNXC
2024-05-22,63.3500,64.6400,63.2700,63.5000,320525,CNXC
2024-05-23,63.5300,63.5300,62.0900,62.8200,275979,CNXC
2024-05-24,63.2400,63.5200,61.4650,61.7700,388434,CNXC
2024-05-28,62.3300,63.2000,61.5900,62.3200,325414,CNXC
2024-05-29,61.2800,61.7600,60.4200,60.6900,253864,CNXC
2024-05-30,61.1400,61.6300,60.5000,61.0000,318307,CNXC
2024-05-31,61.3700,62.4100,60.8500,61.3300,490715,CNXC
2024-06-03,62.4900,63.0000,61.5860,61.7300,399265,CNXC
2024-06-04,61.4000,62.4900,60.6000,60.8700,286241,CNXC
2024-06-05,61.0500,62.1450,60.7400,61.8900,254472,CNXC
2024-06-06,61.6700,62.2300,61.0400,61.2000,343410,CNXC
2024-06-07,60.5400,61.9900,60.3450,61.3200,535818,CNXC
2024-06-10,60.6700,61.7800,60.2875,60.8800,460511,CNXC
2024-06-11,60.6500,62.1500,60.3300,61.4400,670916,CNXC
2024-06-12,62.7900,64.8700,61.2400,61.3000,539262,CNXC
2024-06-13,60.9700,61.6600,58.7150,58.7500,379790,CNXC
2024-06-14,57.9400,58.3100,55.6900,58.2200,445529,CNXC
2024-06-17,58.2200,58.8000,57.2200,58.5800,264354,CNXC
2024-06-18,58.3700,59.0000,57.5350,58.2700,430654,CNXC
2024-06-20,58.0000,61.2187,58.0000,60.4600,440088,CNXC
2024-06-21,60.4700,61.3900,60.2100,60.6600,838001,CNXC
2024-06-24,60.9400,61.6400,59.9300,59.9700,331009,CNXC
2024-06-25,60.0100,60.0100,58.7800,58.8200,472914,CNXC
2024-06-26,59.1300,59.8700,57.5500,58.0200,788930,CNXC
2024-06-27,66.0900,66.0900,61.4500,62.7700,1761292,CNXC
2024-06-28,63.2100,65.0100,61.9350,63.2800,755279,CNXC
2024-07-01,62.5800,64.8700,61.6700,63.7800,478753,CNXC
2024-07-02,63.8200,66.3400,63.7600,65.9500,631359,CNXC
2024-07-03,66.1300,67.6000,65.9200,65.9800,314582,CNXC
2024-07-05,65.9800,66.5300,63.1400,63.4900,740818,CNXC
2024-07-08,64.3200,66.4200,64.0800,66.0100,407926,CNXC
2024-07-09,65.9000,66.4750,65.0101,65.8100,339006,CNXC
2024-07-10,66.0800,66.9900,65.2300,66.9000,424383,CNXC
2024-07-11,67.8100,69.6800,66.9500,68.6800,486627,CNXC
2024-07-12,69.0400,70.1200,68.5500,69.9900,355065,CNXC
2024-07-15,70.5400,71.6700,70.0200,71.1000,482663,CNXC
2024-07-16,71.2500,72.5800,71.2300,72.2600,329743,CNXC
2024-07-17,70.9000,71.6150,68.5400,69.3800,504499,CNXC
2024-07-18,69.8800,71.3600,68.1800,68.2000,288104,CNXC
2024-07-19,67.8400,68.1000,66.2800,66.8700,267273,CNXC
2024-07-22,67.1200,67.7500,66.3300,67.5550,316257,CNXC
2024-07-23,66.9600,67.7500,65.7150,65.9200,257417,CNXC
2024-07-24,65.5300,66.7723,64.5400,64.7400,393817,CNXC
2024-07-25,64.8900,67.5100,64.2600,66.7900,287095,CNXC
2024-07-26,67.6900,68.3026,67.2150,67.4300,211265,CNXC
2024-07-29,67.2300,68.0100,66.8600,67.8700,264539,CNXC
2024-07-30,68.1500,70.6500,67.4200,69.9400,603052,CNXC
2024-07-31,70.1000,71.7300,69.3400,70.5000,271397,CNXC
2024-08-01,69.4100,70.2400,67.2500,68.1200,503803,CNXC
2024-08-02,66.6000,67.8100,64.7517,66.7800,465944,CNXC
2024-08-05,63.5000,66.3100,62.6400,65.4000,634857,CNXC
2024-08-06,65.4500,66.2000,63.7910,64.8300,573674,CNXC
2024-08-07,65.9600,67.0050,62.2100,62.3600,381952,CNXC
2024-08-08,62.9700,64.1700,62.9700,64.1700,166510,CNXC
2024-08-09,64.0700,64.8000,62.8000,64.7100,325068,CNXC
2024-08-12,64.4000,64.4000,62.3100,62.7300,343588,CNXC
2024-08-13,63.2000,64.6000,62.9966,64.5300,454455,CNXC
2024-08-14,64.8800,65.2500,63.9500,64.5900,273904,CNXC
2024-08-15,65.9500,67.2300,65.5200,66.4800,233217,CNXC
2024-08-16,66.5800,67.3100,65.9300,66.3800,303978,CNXC
2024-08-19,66.7700,68.7600,66.2700,68.6400,270421,CNXC
2024-08-20,68.4800,68.4800,67.0200,67.9200,211680,CNXC
2024-08-21,68.4200,68.8600,67.9600,68.6100,192664,CNXC
2024-08-22,68.7900,69.3725,67.2450,67.4500,180748,CNXC
2024-08-23,67.6000,70.1200,67.6000,69.9500,195516,CNXC
2024-08-26,70.2200,72.4300,70.2200,71.7300,222702,CNXC
2024-08-27,71.1700,72.8600,69.4100,72.3400,198706,CNXC
2024-08-28,73.1900,77.0000,73.0500,74.6300,409952,CNXC
2024-08-29,74.6300,76.9500,73.6500,75.5800,270809,CNXC
2024-08-30,75.7500,76.1000,73.3100,75.2300,318283,CNXC
2024-09-03,73.5000,75.7700,73.5000,74.5700,506504,CNXC
2024-09-04,74.0900,75.4900,73.1700,75.3300,371035,CNXC
2024-09-05,75.2800,76.1150,73.7600,73.8400,453580,CNXC
2024-09-06,74.0000,74.3250,72.1150,72.6800,266713,CNXC
2024-09-09,72.9700,73.1750,71.1800,71.2800,336851,CNXC
2024-09-10,71.0900,71.0900,68.3700,69.0900,319770,CNXC
2024-09-11,68.7500,68.9650,66.2301,68.4900,330024,CNXC
2024-09-12,68.9200,68.9200,66.2100,66.4200,375080,CNXC
2024-09-13,67.2100,68.0000,66.5000,67.6100,525108,CNXC
2024-09-16,67.6200,68.5550,65.2400,65.8450,647725,CNXC
2024-09-17,66.4900,66.4900,64.3400,64.4200,766300,CNXC
2024-09-18,64.4400,65.7400,63.2200,63.9600,536081,CNXC
2024-09-19,65.4500,65.4500,63.9600,64.1700,468244,CNXC
2024-09-20,63.8000,63.8000,62.1000,63.3800,1127341,CNXC
2024-09-23,63.3800,63.6300,62.4600,63.5500,697519,CNXC
2024-09-24,63.6300,64.3600,63.0300,63.8400,522903,CNXC
2024-09-25,63.9000,64.6400,63.0800,63.6200,1046585,CNXC
2024-09-26,54.7000,56.9000,51.0200,51.5400,5612262,CNXC
2024-09-27,51.6600,53.0000,50.2300,51.5600,2133510,CNXC
2024-09-30,51.3800,52.1500,50.7049,51.2500,1148195,CNXC
2024-05-08,159.0000,161.2500,158.9900,159.5900,2678278,TGT
2024-05-09,159.4400,164.4000,159.0400,164.3200,2537985,TGT
2024-05-10,164.6100,165.6500,161.7000,163.1300,2414113,TGT
2024-05-13,164.2100,164.4000,160.5900,160.9000,2629007,TGT
2024-05-14,160.3000,161.6000,158.5800,158.9600,2707913,TGT
2024-05-15,160.6100,161.0800,157.0400,157.5100,2563650,TGT
2024-05-16,160.2500,163.6500,159.7200,160.6500,5232861,TGT
2024-05-17,160.1800,160.4650,159.1000,160.1300,4005467,TGT
2024-05-20,159.9000,160.8000,155.9600,156.7100,4429218,TGT
2024-05-21,156.7100,156.8400,154.6500,155.7800,6291009,TGT
2024-05-22,140.5400,145.6700,139.9800,143.2700,18724017,TGT
2024-05-23,142.5000,145.5800,141.7600,144.4100,6661102,TGT
2024-05-24,144.9000,145.7300,143.5600,145.2300,3550295,TGT
2024-05-28,145.0000,147.4401,144.5300,147.1000,4344281,TGT
2024-05-29,146.0500,148.1300,145.5000,147.7400,3038460,TGT
2024-05-30,148.5200,150.3600,147.9200,149.8700,4239436,TGT
2024-05-31,148.8800,156.9300,148.7600,156.1600,7500984,TGT
2024-06-03,152.0900,154.4900,151.3800,153.0300,4162466,TGT
2024-06-04,152.3700,154.1900,150.1100,150.5500,4683706,TGT
2024-06-05,150.5000,150.9800,146.7500,147.3500,5746077,TGT
2024-06-06,146.7000,147.1900,145.0500,145.1300,4682855,TGT
2024-06-07,144.6300,146.6000,144.1500,146.0000,3110844,TGT
2024-06-10,146.0500,148.9100,145.5700,148.5200,3052921,TGT
2024-06-11,148.2500,148.3700,145.9200,146.1900,3592381,TGT
2024-06-12,146.3400,148.0300,145.1000,146.7800,3064275,TGT
2024-06-13,147.0900,147.0900,144.5500,144.6800,3470565,TGT
2024-06-14,143.7700,143.8000,139.3800,141.1600,5019720,TGT
2024-06-17,141.3500,145.0600,140.8000,144.9700,5006330,TGT
2024-06-18,144.3550,144.8509,142.4200,142.5400,2969474,TGT
2024-06-20,142.1500,143.7700,141.7300,143.3800,2628654,TGT
2024-06-21,143.9900,146.2700,143.9900,146.1300,5652005,TGT
2024-06-24,147.0000,150.7900,146.7200,149.6900,3933203,TGT
2024-06-25,148.4800,149.1200,146.3400,146.7700,3367570,TGT
2024-06-26,146.0100,147.3100,144.9200,147.1700,2447102,TGT
2024-06-27,145.7500,147.0000,145.3000,146.7200,2273610,TGT
2024-06-28,147.5400,148.7089,146.1200,148.0400,12772526,TGT
2024-07-01,148.3400,148.9400,145.0700,145.7400,2638855,TGT
2024-07-02,145.5000,146.9900,144.4600,145.3900,3296556,TGT
2024-07-03,145.3200,146.2300,144.3700,144.8000,1633259,TGT
2024-07-05,144.5400,146.4300,144.5000,145.6500,3562244,TGT
2024-07-08,151.8600,151.9700,147.7850,148.7200,5183791,TGT
2024-07-09,148.0000,149.6210,147.2300,147.6000,2848969,TGT
2024-07-10,147.4500,147.4500,143.4050,146.1100,4105702,TGT
2024-07-11,147.0000,151.8900,146.5000,151.4000,4728715,TGT
2024-07-12,152.4700,153.6350,150.8100,152.8500,2675771,TGT
2024-07-15,152.8500,153.4500,150.9100,151.3000,3645851,TGT
2024-07-16,151.4500,155.0100,151.3900,155.0100,3391784,TGT
2024-07-17,154.0400,156.7400,154.0400,155.9300,3353650,TGT
2024-07-18,154.8200,155.2500,151.8400,152.0900,2927396,TGT
2024-07-19,151.4600,151.4600,149.3600,149.7300,3186989,TGT
2024-07-22,149.3700,151.7400,148.7200,151.0200,3692971,TGT
2024-07-23,150.2000,150.9600,149.6400,150.2700,1622400,TGT
2024-07-24,150.2900,150.9200,145.3000,146.4500,3029508,TGT
2024-07-25,146.5800,149.4189,145.9900,146.2900,3019653,TGT
2024-07-26,147.2500,149.9900,147.2500,149.0000,2426969,TGT
2024-07-29,147.3800,147.9000,145.1400,146.8200,2486982,TGT
2024-07-30,147.3700,148.2900,146.7600,147.9500,2379216,TGT
2024-07-31,148.7100,152.3950,147.9250,150.4100,5743885,TGT
2024-08-01,151.2100,151.3500,146.0800,147.0200,3782377,TGT
2024-08-02,145.3200,145.4200,138.0400,139.1700,6476490,TGT
2024-08-05,136.0000,136.3500,132.4200,133.8700,6887654,TGT
2024-08-06,134.5100,135.9100,133.2500,133.8500,5005677,TGT
2024-08-07,136.1800,137.7500,133.3400,133.4700,3209671,TGT
2024-08-08,134.7900,135.9900,133.0700,133.9700,3894009,TGT
2024-08-09,133.6100,135.6000,132.7500,135.5000,3778303,TGT
2024-08-12,134.5900,136.5450,134.1200,135.0200,3695560,TGT
2024-08-13,135.6800,136.9100,133.6700,136.6600,3319751,TGT
2024-08-14,136.7000,136.9100,135.5100,135.7600,4837956,TGT
2024-08-15,143.2900,143.8800,140.5601,141.6600,4640641,TGT
2024-08-16,141.1200,144.2400,140.8900,144.0400,3473906,TGT
2024-08-19,144.5000,148.6400,144.4200,144.6300,4426996,TGT
2024-08-20,144.5000,145.7000,142.8800,144.3300,6815076,TGT
2024-08-21,167.3300,167.4000,158.9700,159.2500,25572113,TGT
2024-08-22,159.9000,160.1200,156.4214,156.8200,7452356,TGT
2024-08-23,157.5800,159.6196,156.7400,158.5000,3188295,TGT
2024-08-26,159.3100,161.8400,157.9700,158.9000,3655215,TGT
2024-08-27,158.9000,159.7700,157.7600,158.6800,3252292,TGT
2024-08-28,157.7500,158.3200,155.6900,156.8600,2666472,TGT
2024-08-29,156.2600,156.2600,152.4700,153.4200,3879497,TGT
2024-08-30,153.6900,154.1500,152.1900,153.6200,3933162,TGT
2024-09-03,152.9900,154.9600,151.3500,151.8000,4070975,TGT
2024-09-04,152.6500,153.7350,148.8700,152.4800,3782285,TGT
2024-09-05,153.0600,153.5500,150.6700,151.9000,3358882,TGT
2024-09-06,151.6100,153.3300,150.7200,151.2800,4045069,TGT
2024-09-09,151.3700,152.9200,149.9500,150.5900,3735150,TGT
2024-09-10,150.5900,150.7750,147.3500,148.0100,4103181,TGT
2024-09-11,147.2500,147.9700,144.6700,147.2900,4089547,TGT
2024-09-12,147.3500,148.9800,146.6100,148.4400,3454594,TGT
2024-09-13,149.7200,152.6200,149.4800,151.3600,3592362,TGT
2024-09-16,151.9500,153.7400,150.7100,152.8400,3429165,TGT
2024-09-17,152.9400,153.6900,151.0700,151.9600,3162261,TGT
2024-09-18,152.4900,156.0450,152.4000,153.6000,3269539,TGT
2024-09-19,156.5800,157.3900,155.0000,156.4900,5098842,TGT
2024-09-20,156.9000,157.3900,153.9400,154.7500,7389826,TGT
2024-09-23,154.7700,155.7400,152.9100,155.2900,2927656,TGT
2024-09-24,155.9000,157.8300,155.5000,156.1800,3113986,TGT
2024-09-25,156.2900,156.9200,154.1600,155.0700,2319914,TGT
2024-09-26,156.5300,157.7400,155.1239,155.9800,2757937,TGT
2024-09-27,156.5000,157.5100,154.7800,155.1800,3067262,TGT
2024-09-30,155.1800,156.3550,154.2200,155.8600,2935829,TGT
2024-05-08,55.3800,55.5600,54.8500,55.3800,4672475,KR
2024-05-09,55.4000,55.4200,54.7600,55.0000,3481432,KR
2024-05-10,54.9300,55.9700,54.8800,55.9000,3450799,KR
2024-05-13,55.9400,56.2400,55.1450,55.2000,3239647,KR
2024-05-14,55.1900,55.3925,54.8000,55.2800,4419586,KR
2024-05-15,54.9300,55.1300,54.1800,54.3800,4889793,KR
2024-05-16,54.7200,55.1600,54.3500,54.4400,9671773,KR
2024-05-17,54.5100,54.5300,53.8350,54.2000,10570778,KR
2024-05-20,54.3400,54.4500,53.7191,53.8900,4140052,KR
2024-05-21,54.0200,54.3500,53.6200,53.6600,5962315,KR
2024-05-22,53.4600,54.0200,53.4000,53.9200,5124750,KR
2024-05-23,53.7400,53.7400,52.6900,53.3100,7121762,KR
2024-05-24,53.4600,53.6900,52.7050,52.9900,6276910,KR
2024-05-28,52.6600,52.8000,52.0850,52.3100,5187180,KR
2024-05-29,52.3600,52.4800,51.8100,51.8900,5298808,KR
2024-05-30,52.0900,52.2200,51.8400,51.9800,4324345,KR
2024-05-31,51.8400,52.4300,51.7800,52.3700,9756937,KR
2024-06-03,52.0000,52.2100,51.6500,51.8600,5449718,KR
2024-06-04,51.7800,52.2300,51.7700,52.0400,5680145,KR
2024-06-05,51.8000,51.9500,51.3100,51.6800,3737293,KR
2024-06-06,51.9100,52.1900,51.7600,51.9500,3887196,KR
2024-06-07,51.8900,52.0800,51.6700,51.9800,3145569,KR
2024-06-10,52.0600,52.0600,51.4600,51.6400,3136627,KR
2024-06-11,51.5500,51.7200,51.1600,51.3700,3337593,KR
2024-06-12,51.1200,51.4050,50.1500,50.1700,4614901,KR
2024-06-13,50.5100,50.7999,49.6900,50.5200,6520899,KR
2024-06-14,50.2700,50.4900,50.0100,50.3800,4958753,KR
2024-06-17,50.3900,51.0600,50.3100,51.0500,5695631,KR
2024-06-18,52.3000,52.7861,51.8100,51.9800,11160009,KR
2024-06-20,53.0700,53.3200,49.7200,50.2800,16483587,KR
2024-06-21,50.5600,51.0300,49.9200,50.2100,16746540,KR
2024-06-24,50.1500,50.4361,49.9650,50.0200,11728039,KR
2024-06-25,49.7200,50.0400,49.4600,49.8200,4626373,KR
2024-06-26,49.3600,49.5900,49.0500,49.3800,5280373,KR
2024-06-27,49.3000,49.3900,49.0400,49.3700,5229371,KR
2024-06-28,49.5400,50.0150,49.4050,49.9300,6628674,KR
2024-07-01,49.9600,50.5800,49.7400,50.5600,7877443,KR
2024-07-02,50.5600,51.1600,50.2550,50.4300,7073301,KR
2024-07-03,50.5500,51.0800,50.3700,50.7500,3191500,KR
2024-07-05,50.7700,51.8900,50.7500,51.8400,4668557,KR
2024-07-08,51.8400,52.0500,51.5500,51.9400,5259443,KR
2024-07-09,51.9000,52.4300,51.7300,51.8600,5515177,KR
2024-07-10,52.3300,53.2000,52.1000,52.9900,5440229,KR
2024-07-11,52.5800,52.8000,52.4000,52.7500,4435113,KR
2024-07-12,52.8300,53.0200,52.4400,52.4900,3586450,KR
2024-07-15,52.5000,52.6200,52.1050,52.1200,3734256,KR
2024-07-16,52.1900,53.6550,52.1200,53.6000,4125890,KR
2024-07-17,53.5600,54.9750,53.5300,54.8000,6248704,KR
2024-07-18,54.5000,54.9650,54.2200,54.8100,3255245,KR
2024-07-19,55.0000,55.0000,54.2700,54.5100,2775112,KR
2024-07-22,54.6500,54.9700,54.5950,54.8600,4315084,KR
2024-07-23,54.8400,54.8500,53.6200,53.8400,3028399,KR
2024-07-24,53.9400,54.2850,53.2800,54.1800,3841739,KR
2024-07-25,54.2500,54.8100,53.3000,53.3100,3207040,KR
2024-07-26,53.3200,54.4300,53.2800,54.2700,2552485,KR
2024-07-29,54.1500,54.4950,53.7600,54.2000,3526213,KR
2024-07-30,54.2900,55.2000,54.1900,54.7000,3502524,KR
2024-07-31,54.2800,54.9200,54.2400,54.5000,2906393,KR
2024-08-01,54.8700,55.3200,54.3750,55.0900,3082025,KR
2024-08-02,55.3300,55.8000,53.8300,54.3300,4284804,KR
2024-08-05,54.3200,55.1400,53.6700,53.9000,4596364,KR
2024-08-06,54.1400,54.8500,54.0000,54.1300,4505066,KR
2024-08-07,54.5200,55.0000,53.8900,53.9000,3624979,KR
2024-08-08,53.8800,54.5800,53.8800,54.3200,3142096,KR
2024-08-09,54.1400,54.2250,53.6000,53.9200,2847448,KR
2024-08-12,53.9200,54.0300,53.1800,53.2400,2698260,KR
2024-08-13,53.2000,53.2750,51.6700,52.6100,4244901,KR
2024-08-14,52.6000,52.7700,52.2400,52.7000,4912101,KR
2024-08-15,53.1400,53.3600,52.5500,52.8900,4137504,KR
2024-08-16,52.8900,53.2100,52.6100,53.1900,2874806,KR
2024-08-19,53.0600,53.1600,52.7000,52.7600,4130258,KR
2024-08-20,52.7600,52.7950,51.5000,52.0400,5357184,KR
2024-08-21,52.6400,52.9900,52.2900,52.7100,6251523,KR
2024-08-22,52.6700,52.6700,51.7400,52.2200,3756225,KR
2024-08-23,52.3400,52.4400,51.6500,51.9500,2818462,KR
2024-08-26,52.1300,53.1600,52.0300,52.7700,3822932,KR
2024-08-27,52.8700,52.9764,52.4000,52.7200,3780997,KR
2024-08-28,52.7500,53.4850,52.6100,53.2600,4222526,KR
2024-08-29,53.2600,53.2600,52.1114,52.5000,3433393,KR
2024-08-30,52.5600,53.3200,52.4400,53.2100,4417168,KR
2024-09-03,53.2800,53.8200,53.0800,53.7000,5003038,KR
2024-09-04,53.9700,55.0500,52.9750,53.3600,3981993,KR
2024-09-05,53.4500,53.6000,52.4050,53.3700,4623688,KR
2024-09-06,53.2150,53.4600,52.2400,52.2700,6632147,KR
2024-09-09,52.1200,52.5750,51.8950,51.9700,6705255,KR
2024-09-10,52.2300,52.5300,51.7700,52.3000,4034460,KR
2024-09-11,51.4800,51.7700,50.6900,51.5000,5263359,KR
2024-09-12,52.3800,55.2400,51.5200,55.2000,9956548,KR
2024-09-13,55.2600,55.9300,54.5100,55.9100,5607388,KR
2024-09-16,56.0000,56.6100,55.7800,56.1900,3860343,KR
2024-09-17,56.0400,56.2300,54.9800,55.0400,2780304,KR
2024-09-18,55.0600,55.3100,54.5950,54.6200,3249849,KR
2024-09-19,54.6500,55.3700,54.5600,54.8300,5417370,KR
2024-09-20,54.8300,55.8500,54.8300,55.3900,9187110,KR
2024-09-23,55.1800,56.2500,55.0150,56.1400,2893130,KR
2024-09-24,56.2400,56.3100,55.8301,56.0600,3625212,KR
2024-09-25,56.1600,56.8000,55.8500,56.6000,3374576,KR
2024-09-26,56.4200,56.6400,55.2900,55.4700,5119855,KR
2024-09-27,55.6100,56.8200,55.4500,56.5200,3299652,KR
2024-09-30,56.5800,57.3750,56.3400,57.3000,4006895,KR
2024-05-08,235.5500,236.2800,234.4700,235.3500,1194614,MAR
2024-05-09,232.6700,237.7400,230.8450,237.5400,1229719,MAR
2024-05-10,238.0000,240.6700,237.5000,240.4600,1145266,MAR
2024-05-13,241.2500,241.7000,236.2100,237.5000,1288816,MAR
2024-05-14,237.9700,238.5800,235.6900,235.8700,2105279,MAR
2024-05-15,236.7500,237.4699,235.5600,236.0000,1569035,MAR
2024-05-16,235.6400,239.4900,235.6400,238.9600,1280881,MAR
2024-05-17,238.9600,239.5800,236.3200,237.7300,1217046,MAR
2024-05-20,237.8500,240.5150,237.4300,240.3300,954160,MAR
2024-05-21,241.2200,241.2200,237.1250,238.2800,839678,MAR
2024-05-22,237.2400,239.4000,235.5000,236.1600,1091592,MAR
2024-05-23,236.5000,236.5000,231.8400,232.0600,1650396,MAR
2024-05-24,233.8300,236.7200,233.2850,236.5900,909514,MAR
2024-05-28,234.8200,237.6080,232.9800,234.1400,993794,MAR
2024-05-29,231.8600,232.4400,227.8250,228.4600,1161711,MAR
2024-05-30,228.7900,229.6000,226.7000,228.9600,934690,MAR
2024-05-31,229.5200,231.3900,227.4400,231.1700,1660301,MAR
2024-06-03,231.7300,231.9950,226.0300,228.3800,1644005,MAR
2024-06-04,226.6000,231.6950,226.4400,230.5100,1100568,MAR
2024-06-05,231.1800,233.2300,229.5000,232.7700,987840,MAR
2024-06-06,232.8700,235.4500,231.3700,232.0300,1028049,MAR
2024-06-07,231.5200,232.9000,230.1300,231.1000,2723430,MAR
2024-06-10,230.0000,233.4100,229.9800,232.7600,1219818,MAR
2024-06-11,231.7800,233.2350,229.9300,232.6400,1285070,MAR
2024-06-12,234.0200,237.1300,234.0200,236.5600,1477791,MAR
2024-06-13,235.2200,240.7700,234.6600,240.4700,1188728,MAR
2024-06-14,239.3300,239.7500,235.1400,239.4500,1566397,MAR
2024-06-17,238.5500,245.0450,237.6000,244.7000,1406883,MAR
2024-06-18,245.2800,247.2000,242.1300,243.0500,1320126,MAR
2024-06-20,242.6800,244.4000,242.6600,243.9800,1154434,MAR
2024-06-21,245.6900,245.9400,242.7500,243.5300,3299600,MAR
2024-06-24,243.2300,246.2700,243.2300,245.6600,1058551,MAR
2024-06-25,246.5300,246.8700,243.7800,244.8300,1283805,MAR
2024-06-26,242.6700,243.2600,239.6700,241.5100,1592636,MAR
2024-06-27,242.9500,242.9500,240.2000,242.2500,1153713,MAR
2024-06-28,242.4000,246.7900,241.0200,241.7700,6788860,MAR
2024-07-01,242.1900,243.3600,237.4500,239.5100,1475150,MAR
2024-07-02,239.8100,240.1200,236.6800,239.9800,1417325,MAR
2024-07-03,239.6300,241.6700,238.4800,240.1700,866747,MAR
2024-07-05,240.5000,241.3800,238.4500,240.9800,851934,MAR
2024-07-08,242.0900,243.0600,239.1740,239.8600,1040260,MAR
2024-07-09,240.8600,240.8600,237.3900,237.5200,1254901,MAR
2024-07-10,237.9600,242.7400,237.1600,242.5200,1376220,MAR
2024-07-11,242.9400,242.9400,239.2500,239.7800,1765451,MAR
2024-07-12,241.1700,245.4400,240.1600,242.7900,1699285,MAR
2024-07-15,242.8000,246.8450,241.9900,246.6700,1062332,MAR
2024-07-16,247.9400,255.1900,247.6912,255.1100,1562526,MAR
2024-07-17,253.2500,255.3250,247.4900,247.5500,1753015,MAR
2024-07-18,244.7700,248.5000,244.0500,244.0900,1399758,MAR
2024-07-19,245.0000,245.7190,242.6500,243.9100,1342586,MAR
2024-07-22,243.6100,244.0000,241.1500,242.9400,1212752,MAR
2024-07-23,242.6600,245.6000,241.9700,242.3100,730968,MAR
2024-07-24,241.2400,241.6100,234.9000,235.0400,1762579,MAR
2024-07-25,235.0000,237.5100,232.3250,233.7500,1380149,MAR
2024-07-26,235.6000,237.7400,234.0000,236.6000,929373,MAR
2024-07-29,237.9400,239.5200,235.7000,238.4500,1335718,MAR
2024-07-30,239.0000,241.5400,238.0500,238.7700,1752791,MAR
2024-07-31,230.0000,236.2200,222.9300,227.3000,4316714,MAR
2024-08-01,226.1500,226.4900,215.6050,218.7800,3067875,MAR
2024-08-02,215.1200,216.6400,210.0200,213.6700,3679065,MAR
2024-08-05,209.0700,212.3400,204.5500,211.3500,4057455,MAR
2024-08-06,212.5000,218.4099,211.1900,215.2500,1911718,MAR
2024-08-07,215.9400,217.6400,213.7800,214.7700,2854397,MAR
2024-08-08,215.4450,217.8100,214.7800,215.8000,1369788,MAR
2024-08-09,215.5000,219.0000,214.0500,217.9700,1214086,MAR
2024-08-12,217.9500,217.9500,214.4100,214.6800,1075264,MAR
2024-08-13,215.2600,216.8500,213.2706,216.4300,1081200,MAR
2024-08-14,217.0000,217.7090,215.5400,217.1000,847405,MAR
2024-08-15,219.6800,222.9500,218.9300,221.9000,1726691,MAR
2024-08-16,221.6100,221.6700,219.7250,220.5600,1005775,MAR
2024-08-19,221.3000,226.0000,221.0550,225.1500,1068580,MAR
2024-08-20,224.5000,225.4800,222.8700,223.1300,1069762,MAR
2024-08-21,224.0700,225.1400,223.0600,224.5100,710527,MAR
2024-08-22,223.8100,225.9000,223.1300,224.1200,991214,MAR
2024-08-23,225.9800,227.6500,224.9500,225.2600,958335,MAR
2024-08-26,226.5700,228.1300,224.1500,224.6700,1105008,MAR
2024-08-27,224.4000,228.1800,223.8000,227.6200,1017819,MAR
2024-08-28,226.4200,228.1800,226.1800,227.3200,1026185,MAR
2024-08-29,229.7500,233.6100,228.8810,231.3700,1954464,MAR
2024-08-30,232.5600,235.4300,231.0450,234.6900,2218129,MAR
2024-09-03,234.2000,234.6950,229.7400,230.7200,1802666,MAR
2024-09-04,230.0000,230.6550,228.1100,229.4600,1411186,MAR
2024-09-05,229.7300,230.5499,226.8600,229.0600,1808762,MAR
2024-09-06,229.4700,232.9000,227.1600,227.6000,3355319,MAR
2024-09-09,228.9300,230.9500,226.5350,228.5900,1876853,MAR
2024-09-10,227.6800,229.0000,221.9500,225.6700,1755184,MAR
2024-09-11,225.6700,227.7795,221.8400,227.3300,1330936,MAR
2024-09-12,228.8000,230.8200,227.5900,230.7000,1044702,MAR
2024-09-13,231.5500,232.5600,229.6700,231.7400,1034102,MAR
2024-09-16,233.0700,235.7500,231.9000,232.4600,993122,MAR
2024-09-17,233.7300,236.2300,232.7600,235.6100,1005287,MAR
2024-09-18,238.9000,241.7300,236.8000,238.7400,1539802,MAR
2024-09-19,242.9700,246.0200,242.0400,244.4600,1676231,MAR
2024-09-20,243.9000,244.7400,240.9000,244.3900,3663555,MAR
2024-09-23,244.8500,245.1250,241.3600,241.6700,1393435,MAR
2024-09-24,243.0200,247.4600,242.8500,247.3800,1225328,MAR
2024-09-25,247.4700,247.6200,244.6300,245.5000,951362,MAR
2024-09-26,248.1700,251.0000,246.2200,250.7100,1431803,MAR
2024-09-27,252.8100,254.4300,251.6700,253.0400,1238389,MAR
2024-09-30,252.0500,253.9500,246.4600,248.6000,1646374,MAR
